"","1016","1037","1033","1013","1032","1028","1065","1021","1020","1097","1076","1001","1042","1085","1060","1095","1067","1061","1011","1081","1023","1068","1039","1044","1083","1064","1084","1007","1018","1024","1009","1054","1047","1086","1048","1045","1025","1030","1078","1088","1004","1029","1036","1099","1090","1040","1057","1100","1002","1041","1056","1046","1075","1015","1087","1006","1017","1019","1071","1079","1055","1053","1072","1073","1094","1058","1089","1096","1080","1014","1035","1091","1027","1069","1003","1034","1059","1026","1092","1093","1066","1022","1049","1012","1050","1008","1082","1063","1062","1038","1074","1051","1005","1010","1043","1052","1031","1077","1098","1070"
"1067",1000,500,1004,500,500,1506,1000,1000,500,1585,500,500,1000,1000,1000,1000,1102,500,500,1610,1062,500,1099,1000,500,5,1000,500,500,1112,1558,502,1000,1595,500,1068,1000,1053,1000,1583,500,1601,1000,514,500,1000,500,1000,1607,1570,500,1000,1000,500,1037,500,1000,1857,1807,1250,1250,1250,1760,1343,1355,1763,1250,1315,1807,1250,1250,277,1250,1250,1250,1250,1831,770,1756,1250,750,750,1829,1250,1800,1319,1760,1250,750,750,750,750,1290,1347,1828,1250,1250,1287,758,1866
"1134",1000,500,500,500,500,1000,1000,1000,500,1527,500,500,1000,1000,1000,1000,1044,500,500,1552,1004,500,1041,1000,500,500,1000,500,500,1054,500,1000,1000,1537,500,1010,1000,5,1000,1525,500,1543,1000,1000,500,1000,500,1000,1549,1512,500,1000,1000,500,21,500,1000,1799,751,1250,1250,1250,1250,1285,1297,1250,1250,1257,751,1250,1250,750,1250,1250,1250,1250,1773,1250,1250,1250,750,750,1771,1250,758,1261,1250,1250,750,750,750,750,268,1289,1770,1250,1250,271,1250,1808
"1201",500,1000,1000,1000,1000,500,500,500,1000,2,1000,1000,500,500,500,500,1515,1000,1000,1023,525,1000,1512,500,1000,1000,500,1000,1000,1525,29,500,500,1008,1000,519,500,1000,500,4,1000,1014,500,500,1000,500,1000,500,1020,17,1000,500,500,1000,1000,1000,500,1270,280,750,750,750,750,1756,1768,750,750,772,280,750,750,1250,750,750,750,750,256,750,750,750,1250,1250,258,750,750,768,750,750,1250,1250,1250,1250,1250,1760,259,750,750,1250,750,1279
"1268",1000,500,1041,500,500,1543,1000,1000,19,1622,500,500,1000,1000,1000,503,1139,500,500,1647,1099,500,1136,1000,500,1032,1000,500,500,1149,1595,1535,1000,1632,500,1105,1000,1090,522,1620,24,1638,1000,1523,500,1000,500,1000,1644,1607,500,1000,1000,500,1074,500,1000,1894,1844,1250,765,1250,1797,1380,1392,1800,1250,1352,1844,1753,1250,1260,1250,1250,1250,1250,1868,1767,1793,1250,750,750,1866,767,1837,1356,1797,1753,750,750,750,1254,1327,1384,1865,1250,1250,1324,1779,1903
"1335",750,1250,1250,1250,1250,750,750,750,1250,1295,1250,1250,750,750,750,750,1812,1250,1250,1320,1772,1250,1809,750,1250,1250,750,1250,1250,1822,1268,750,750,1305,1250,1778,750,1763,750,1293,1250,1311,750,750,1250,750,1250,750,1317,1280,1250,750,750,1250,753,1250,750,1067,1017,500,500,500,30,1553,1565,27,500,1525,1017,500,500,1000,500,500,500,500,1041,500,500,500,1000,1000,1039,500,1010,1529,30,500,1000,1000,1000,1000,500,1557,1038,500,500,503,500,1076
"1402",1000,500,1004,500,500,1506,1000,1000,500,1585,500,500,1000,1000,1000,1000,1102,500,500,1610,1062,500,1099,1000,500,5,1000,500,500,1112,1558,502,1000,1595,500,1068,1000,1053,1000,1583,500,1601,1000,514,500,1000,500,1000,1607,1570,500,1000,1000,500,1037,500,1000,1857,1807,1250,1250,1250,1760,1343,1355,1763,1250,1315,1807,1250,1250,277,1250,1250,1250,1250,1831,770,1756,1250,750,750,1829,1250,1800,1319,1760,1250,750,750,750,750,1290,1347,1828,1250,1250,1287,758,1866
"1469",1250,750,750,750,750,1250,1250,1250,750,1757,750,750,1250,1250,1250,1250,1274,750,750,1782,266,750,1271,1250,750,750,1250,750,750,1284,770,1250,1250,1767,750,260,1250,275,1250,1755,750,1773,1250,1250,750,1250,750,1250,1779,758,750,1250,1250,750,750,750,1250,1529,521,1000,1000,1000,1000,1015,1027,1000,1000,13,521,1000,1000,500,1000,1000,1000,1000,1503,1000,1000,1000,500,500,1501,1000,528,9,1000,1000,500,500,500,500,500,1019,500,1000,1000,500,1000,1538
"1536",1250,750,750,750,750,1250,1250,1250,750,1756,750,750,1250,1250,1250,1250,1273,750,750,1781,267,750,1270,1250,750,750,1250,750,750,1283,771,1250,1250,1766,750,261,1250,276,1250,1754,750,1772,1250,1250,750,1250,750,1250,1778,759,750,1250,1250,750,750,750,1250,1528,522,1000,1000,1000,1000,1014,1026,1000,1000,14,522,1000,1000,500,1000,1000,1000,1000,1502,1000,1000,1000,500,500,500,1000,529,10,1000,1000,500,500,500,500,500,1018,501,1000,1000,500,1000,1537
"1603",1250,750,750,750,750,1250,1250,1250,750,780,750,750,1250,1250,1250,1250,263,750,750,755,750,750,266,1250,750,750,1250,750,750,253,1250,1250,1250,770,750,750,1250,750,1250,1250,750,764,1250,1250,750,1250,750,1250,758,1250,750,1250,1250,750,750,750,1250,508,1000,1000,1000,1000,1000,22,10,1000,1000,500,1000,1000,1000,500,1000,1000,1000,1000,1000,1000,1000,1000,500,500,1000,1000,1000,500,1000,1000,500,500,500,500,500,18,1000,1000,1000,500,1000,1501
"1670",1250,750,1277,750,750,1779,1250,1250,750,1858,750,750,1250,1250,1250,767,1375,750,750,1883,1335,750,1372,1250,750,1268,1250,750,750,1385,1831,1771,1250,1868,750,1341,1250,1326,1250,1856,750,1874,1250,1759,750,1250,750,1250,1880,1843,750,1250,1250,750,1310,750,1250,1630,1580,1000,529,1000,1533,1116,1128,1536,1000,1088,1580,511,1000,4,1000,1000,1000,1000,1604,1503,1529,1000,500,500,1602,1000,1573,1092,1533,511,500,500,500,10,1063,1120,1601,1000,1000,1060,1515,1639
"1737",1250,750,1277,750,750,1779,1250,1250,750,1858,750,750,1250,1250,1250,767,1375,750,750,1883,1335,750,1372,1250,750,1268,1250,750,750,1385,1831,1771,1250,1868,750,1341,1250,1326,1250,1856,750,1874,1250,1759,750,1250,750,1250,1880,1843,750,1250,1250,750,1310,750,1250,1630,1580,1000,529,1000,1533,1116,1128,1536,1000,1088,1580,511,1000,4,1000,1000,1000,1000,1604,1503,1529,1000,500,500,1602,1000,1573,1092,1533,511,500,500,500,10,1063,1120,1601,1000,1000,1060,1515,1639
"1804",500,1000,1000,1000,1000,500,500,500,1000,1035,1000,1000,500,500,500,500,1552,1000,1000,1060,1512,1000,1549,500,1000,1000,500,1000,1000,1562,1008,500,500,1045,1000,1518,500,1503,500,1033,1000,1051,500,500,1000,500,1000,500,1057,1020,1000,500,500,1000,513,1000,500,1307,1257,750,750,750,750,1793,1805,750,750,1765,1257,750,750,1250,750,750,750,750,1281,750,750,750,1250,1250,1279,750,250,1769,750,750,1250,1250,1250,1250,760,1797,1278,750,750,763,750,1316
"1871",1250,750,1276,750,750,1778,1250,1250,750,1857,750,750,1250,1250,1250,768,1374,750,750,1882,1334,750,1371,1250,750,1267,1250,750,750,1384,1830,1770,1250,1867,750,1340,1250,1325,1250,1855,750,1873,1250,1758,750,1250,750,1250,1879,1842,750,1250,1250,750,1309,750,1250,1629,1579,1000,530,1000,1532,1115,1127,1535,1000,1087,1579,512,1000,5,1000,1000,1000,1000,1603,1502,1528,1000,500,500,1601,1000,1572,1091,1532,512,500,500,500,11,1062,1119,1600,1000,1000,1059,1514,1638
"1938",1250,750,253,750,750,751,1250,1250,750,1828,750,750,1250,1250,1250,1250,1345,750,750,1853,1305,750,1342,1250,750,262,1250,750,750,1355,1801,759,1250,1838,750,1311,1250,1296,1250,1826,750,1844,1250,771,750,1250,750,1250,1850,1813,750,1250,1250,750,1280,750,1250,1600,1550,1000,1000,1000,1503,1086,1098,1506,1000,1058,1550,1000,1000,500,1000,1000,1000,1000,1574,527,501,1000,500,500,1572,1000,1543,1062,1503,1000,500,500,500,500,1033,1090,1571,1000,1000,1030,515,1609
"2005",1250,750,275,750,750,773,1250,1250,750,1806,750,750,1250,1250,1250,1250,1323,750,750,1831,1283,750,1320,1250,750,750,1250,750,750,1333,1779,1250,1250,1816,750,1289,1250,1274,1250,1804,750,1822,1250,1250,750,1250,750,1250,1828,1791,750,1250,1250,750,1258,750,1250,1578,1528,1000,1000,1000,519,1064,1076,516,1000,1036,1528,1000,1000,500,1000,1000,1000,1000,1552,1000,523,1000,500,500,1550,1000,1521,1040,519,1000,500,500,500,500,1011,1068,1549,1000,1000,1008,1000,1587
"2072",1000,500,500,500,500,1000,1000,1000,500,1501,500,500,1000,1000,1000,1000,1018,500,500,1526,22,500,1015,1000,500,500,1000,500,500,1028,526,1000,1000,1511,500,16,1000,500,1000,501,500,1517,1000,1000,500,1000,500,1000,1523,514,500,1000,1000,500,500,500,1000,1773,777,1250,1250,1250,1250,1259,1271,1250,1250,269,777,1250,1250,750,1250,1250,1250,1250,753,1250,1250,1250,750,750,755,1250,1250,265,1250,1250,750,750,750,750,750,1263,756,1250,1250,750,1250,1782
"2139",1000,500,500,500,500,1000,1000,1000,500,1515,500,500,1000,1000,1000,1000,1032,500,500,1540,8,500,1029,1000,500,500,1000,500,500,1042,512,1000,1000,1525,500,2,1000,17,1000,1513,500,1531,1000,1000,500,1000,500,1000,1537,500,500,1000,1000,500,500,500,1000,1787,763,1250,1250,1250,1250,1273,1285,1250,1250,255,763,1250,1250,750,1250,1250,1250,1250,1761,1250,1250,1250,750,750,1759,1250,770,251,1250,1250,750,750,750,750,280,1277,1758,1250,1250,750,1250,1796
"2206",1250,750,750,750,750,1250,1250,1250,750,1775,750,750,1250,1250,1250,1250,1292,750,750,1800,1252,750,1289,1250,750,750,1250,750,750,1302,752,1250,1250,1785,750,1258,1250,257,1250,1773,750,1791,1250,1250,750,1250,750,1250,1797,1760,750,1250,1250,750,273,750,1250,1547,503,1000,1000,1000,1000,1033,1045,1000,1000,1005,503,1000,1000,500,1000,1000,1000,1000,1521,1000,1000,1000,500,500,1519,1000,510,1009,1000,1000,500,500,500,500,20,1037,1518,1000,1000,23,1000,1556
"2273",750,1250,1754,1250,1250,1256,750,750,1250,1335,1250,1250,750,750,750,750,1852,1250,1250,1360,1812,1250,1849,750,1250,755,750,1250,1250,1862,1308,252,750,1345,1250,1818,750,1803,750,1333,1250,1351,750,264,1250,750,1250,750,1357,1320,1250,750,750,1250,1787,1250,750,1107,1057,500,500,500,1010,1593,1605,1013,500,1565,1057,500,500,527,500,500,500,500,1081,20,1006,500,1000,1000,1079,500,1050,1569,1010,500,1000,1000,1000,1000,1540,1597,1078,500,500,1537,8,1116
"2340",1000,500,500,500,500,1000,1000,1000,500,1502,500,500,1000,1000,1000,1000,1019,500,500,1527,21,500,1016,1000,500,500,1000,500,500,1029,525,1000,1000,1512,500,15,1000,30,1000,500,500,1518,1000,1000,500,1000,500,1000,1524,513,500,1000,1000,500,500,500,1000,1774,776,1250,1250,1250,1250,1260,1272,1250,1250,268,776,1250,1250,750,1250,1250,1250,1250,752,1250,1250,1250,750,750,754,1250,1250,264,1250,1250,750,750,750,750,750,1264,755,1250,1250,750,1250,1783
"2407",500,1000,1000,1000,1000,500,500,500,1000,29,1000,1000,500,500,500,500,512,1000,1000,4,1000,1000,515,500,1000,1000,500,1000,1000,502,500,500,500,19,1000,1000,500,1000,500,500,1000,13,500,500,1000,500,1000,500,7,500,1000,500,500,1000,1000,1000,500,257,750,750,750,750,750,771,759,750,750,1250,750,750,750,1250,750,750,750,750,750,750,750,750,1250,1250,750,750,750,1250,750,750,1250,1250,1250,1250,1250,767,750,750,750,1250,750,1252
"2474",500,1000,1536,1000,1000,1038,500,500,524,1117,1000,1000,500,500,500,8,1634,1000,1000,1142,1594,1000,1631,500,1000,1527,500,1000,1000,1644,1090,1030,500,1127,1000,1600,500,1585,27,1115,529,1133,500,1018,1000,500,1000,500,1139,1102,1000,500,500,1000,1569,1000,500,1389,1339,750,270,750,1292,1875,1887,1295,750,1847,1339,252,750,1755,750,750,750,750,1363,1262,1288,750,1250,1250,1361,272,1332,1851,1292,252,1250,1250,1250,751,1822,1879,1360,750,750,1819,1274,1398
"2541",1250,750,1257,750,750,1759,1250,1250,750,1838,750,750,1250,1250,1250,1250,1355,750,750,1863,1315,750,1352,1250,750,252,1250,750,750,1365,1811,1751,1250,1848,750,1321,1250,1306,1250,1836,750,1854,1250,761,750,1250,750,1250,1860,1823,750,1250,1250,750,1290,750,1250,1610,1560,1000,1000,1000,1513,1096,1108,1516,1000,1068,1560,1000,1000,24,1000,1000,1000,1000,1584,517,1509,1000,500,500,1582,1000,1553,1072,1513,1000,500,500,500,30,1043,1100,1581,1000,1000,1040,505,1619
"2608",1000,500,29,500,500,527,1000,1000,500,1552,500,500,1000,1000,1000,1000,1069,500,500,1577,1029,500,1066,1000,500,500,1000,500,500,1079,1525,1000,1000,1562,500,1035,1000,1020,1000,1550,500,1568,1000,1000,500,1000,500,1000,1574,1537,500,1000,1000,500,1004,500,1000,1824,1774,1250,1250,1250,773,1310,1322,770,1250,1282,1774,1250,1250,750,1250,1250,1250,1250,1798,1250,777,1250,750,750,1796,1250,1767,1286,773,1250,750,750,750,750,1257,1314,1795,1250,1250,1254,1250,1833
"2675",1250,750,750,750,750,1250,1250,1250,750,767,750,750,1250,1250,1250,1250,250,750,750,1758,750,750,253,1250,750,750,1250,750,750,1260,1250,1250,1250,757,750,750,1250,750,1250,769,750,751,1250,1250,750,1250,750,1250,1755,1250,750,1250,1250,750,750,750,1250,1505,1000,1000,1000,1000,1000,9,1003,1000,1000,500,1000,1000,1000,500,1000,1000,1000,1000,521,1000,1000,1000,500,500,523,1000,1000,500,1000,1000,500,500,500,500,500,5,524,1000,1000,500,1000,1514
"2742",1250,750,750,750,750,1250,1250,1250,750,771,750,750,1250,1250,1250,1250,254,750,750,1754,750,750,257,1250,750,750,1250,750,750,1256,1250,1250,1250,761,750,750,1250,750,1250,773,750,755,1250,1250,750,1250,750,1250,1751,1250,750,1250,1250,750,750,750,1250,1501,1000,1000,1000,1000,1000,13,1,1000,1000,500,1000,1000,1000,500,1000,1000,1000,1000,525,1000,1000,1000,500,500,527,1000,1000,500,1000,1000,500,500,500,500,500,9,528,1000,1000,500,1000,1510
"2809",750,1250,1250,1250,1250,750,750,750,1250,269,1250,1250,750,750,750,750,752,1250,1250,1256,1250,1250,755,750,1250,1250,750,1250,1250,1758,750,750,750,259,1250,1250,750,1250,750,271,1250,253,750,750,1250,750,1250,750,1253,750,1250,750,750,1250,1250,1250,750,1003,500,500,500,500,500,511,1501,500,500,1000,500,500,500,1000,500,500,500,500,23,500,500,500,1000,1000,25,500,500,1000,500,500,1000,1000,1000,1000,1000,507,26,500,500,1000,500,1012
"2876",1000,500,500,500,500,1000,1000,1000,500,1517,500,500,1000,1000,1000,1000,1034,500,500,1542,6,500,1031,1000,500,500,1000,500,500,1044,510,1000,1000,1527,500,0,1000,15,1000,1515,500,1533,1000,1000,500,1000,500,1000,1539,1502,500,1000,1000,500,500,500,1000,1789,761,1250,1250,1250,1250,1275,1287,1250,1250,253,761,1250,1250,750,1250,1250,1250,1250,1763,1250,1250,1250,750,750,1761,1250,768,1251,1250,1250,750,750,750,750,278,1279,1760,1250,1250,750,1250,1798
"2943",750,1250,1250,1250,1250,750,750,750,1250,1283,1250,1250,750,750,750,750,1800,1250,1250,1308,1760,1250,1797,750,1250,1250,750,1250,1250,1810,1256,750,750,1293,1250,1766,750,1751,750,1281,1250,1299,750,750,1250,750,1250,750,1305,1268,1250,750,750,1250,765,1250,750,1055,1005,500,500,500,500,1541,1553,500,500,1513,1005,500,500,1000,500,500,500,500,1029,500,500,500,1000,1000,1027,500,2,1517,500,500,1000,1000,1000,1000,512,1545,1026,500,500,515,500,1064
"3010",1250,750,1299,750,750,1801,1250,1250,261,1880,750,750,1250,1250,1250,1755,1397,750,750,1905,1357,750,1394,1250,750,1290,1250,750,750,1407,1853,1793,1250,1890,750,1363,1250,1348,764,1878,266,1896,1250,1781,750,1250,750,1250,1902,1865,750,1250,1250,750,1332,750,1250,1652,1602,1000,507,1000,1555,1138,1150,1558,1000,1110,1602,1511,1000,1018,1000,1000,1000,1000,1626,1525,1551,1000,500,500,1624,509,1595,1114,1555,1511,500,500,500,1012,1085,1142,1623,1000,1000,1082,1537,1661
"3077",1000,500,20,500,500,518,1000,1000,500,1561,500,500,1000,1000,1000,1000,1078,500,500,1586,1038,500,1075,1000,500,29,1000,500,500,1088,1534,526,1000,1571,500,1044,1000,1029,1000,1559,500,1577,1000,1000,500,1000,500,1000,1583,1546,500,1000,1000,500,1013,500,1000,1833,1783,1250,1250,1250,764,1319,1331,761,1250,1291,1783,1250,1250,750,1250,1250,1250,1250,1807,1250,768,1250,750,750,1805,1250,1776,1295,764,1250,750,750,750,750,1266,1323,1804,1250,1250,1263,1250,1842
"3144",1250,750,750,750,750,1250,1250,1250,750,1757,750,750,1250,1250,1250,1250,1274,750,750,1782,266,750,1271,1250,750,750,1250,750,750,1284,770,1250,1250,1767,750,260,1250,275,1250,1755,750,1773,1250,1250,750,1250,750,1250,1779,758,750,1250,1250,750,750,750,1250,1529,521,1000,1000,1000,1000,1015,1027,1000,1000,13,521,1000,1000,500,1000,1000,1000,1000,1503,1000,1000,1000,500,500,1501,1000,528,9,1000,1000,500,500,500,500,500,1019,500,1000,1000,500,1000,1538
"3211",1250,750,275,750,750,773,1250,1250,750,1806,750,750,1250,1250,1250,1250,1323,750,750,1831,1283,750,1320,1250,750,750,1250,750,750,1333,1779,1250,1250,1816,750,1289,1250,1274,1250,1804,750,1822,1250,1250,750,1250,750,1250,1828,1791,750,1250,1250,750,1258,750,1250,1578,1528,1000,1000,1000,519,1064,1076,516,1000,1036,1528,1000,1000,500,1000,1000,1000,1000,1552,1000,523,1000,500,500,1550,1000,1521,1040,519,1000,500,500,500,500,1011,1068,1549,1000,1000,1008,1000,1587
"3278",1000,500,500,500,500,1000,1000,1000,500,1502,500,500,1000,1000,1000,1000,1019,500,500,1527,21,500,1016,1000,500,500,1000,500,500,1029,525,1000,1000,1512,500,15,1000,30,1000,500,500,1518,1000,1000,500,1000,500,1000,1524,513,500,1000,1000,500,500,500,1000,1774,776,1250,1250,1250,1250,1260,1272,1250,1250,268,776,1250,1250,750,1250,1250,1250,1250,752,1250,1250,1250,750,750,754,1250,1250,264,1250,1250,750,750,750,750,750,1264,755,1250,1250,750,1250,1783
"3345",750,1250,1250,1250,1250,750,750,750,1250,274,1250,1250,750,750,750,750,757,1250,1250,1251,1250,1250,760,750,1250,1250,750,1250,1250,1753,750,750,750,264,1250,1250,750,1250,750,276,1250,258,750,750,1250,750,1250,750,252,750,1250,750,750,1250,1250,1250,750,2,500,500,500,500,500,516,504,500,500,1000,500,500,500,1000,500,500,500,500,28,500,500,500,1000,1000,30,500,500,1000,500,500,1000,1000,1000,1000,1000,512,500,500,500,1000,500,1007
"3412",500,1000,1520,1000,1000,1022,500,500,1000,1101,1000,1000,500,500,500,24,1618,1000,1000,1126,1578,1000,1615,500,1000,1511,500,1000,1000,1628,1074,1014,500,1111,1000,1584,500,1569,500,1099,1000,1117,500,1002,1000,500,1000,500,1123,1086,1000,500,500,1000,1553,1000,500,1373,1323,750,750,750,1276,1859,1871,1279,750,1831,1323,268,750,761,750,750,750,750,1347,254,1272,750,1250,1250,1345,750,1316,1835,1276,268,1250,1250,1250,767,1806,1863,1344,750,750,1803,1258,1382
"3479",750,1250,1250,1250,1250,750,750,750,1250,1291,1250,1250,750,750,750,750,1808,1250,1250,1316,1768,1250,1805,750,1250,1250,750,1250,1250,1818,1264,750,750,1301,1250,1774,750,1759,750,1289,1250,1307,750,750,1250,750,1250,750,1313,1276,1250,750,750,1250,757,1250,750,1063,1013,500,500,500,500,1549,1561,500,500,1521,1013,500,500,1000,500,500,500,500,1037,500,500,500,1000,1000,1035,500,1006,1525,500,500,1000,1000,1000,1000,504,1553,1034,500,500,507,500,1072
"3546",1250,750,271,750,750,769,1250,1250,750,1810,750,750,1250,1250,1250,1250,1327,750,750,1835,1287,750,1324,1250,750,280,1250,750,750,1337,1783,777,1250,1820,750,1293,1250,1278,1250,1808,750,1826,1250,1250,750,1250,750,1250,1832,1795,750,1250,1250,750,1262,750,1250,1582,1532,1000,1000,1000,515,1068,1080,512,1000,1040,1532,1000,1000,500,1000,1000,1000,1000,1556,1000,519,1000,500,500,1554,1000,1525,1044,515,1000,500,500,500,500,1015,1072,1553,1000,1000,1012,1000,1591
"3613",1000,500,500,500,500,1000,1000,1000,500,1510,500,500,1000,1000,1000,1000,1027,500,500,1535,13,500,1024,1000,500,500,1000,500,500,1037,517,1000,1000,1520,500,7,1000,22,1000,1508,500,1526,1000,1000,500,1000,500,1000,1532,505,500,1000,1000,500,500,500,1000,1782,768,1250,1250,1250,1250,1268,1280,1250,1250,260,768,1250,1250,750,1250,1250,1250,1250,1756,1250,1250,1250,750,750,1754,1250,775,256,1250,1250,750,750,750,750,750,1272,1753,1250,1250,750,1250,1791
"3680",1250,750,750,750,750,1250,1250,1250,750,775,750,750,1250,1250,1250,1250,258,750,750,750,750,750,261,1250,750,750,1250,750,750,1252,1250,1250,1250,765,750,750,1250,750,1250,777,750,759,1250,1250,750,1250,750,1250,753,1250,750,1250,1250,750,750,750,1250,503,1000,1000,1000,1000,1000,17,5,1000,1000,500,1000,1000,1000,500,1000,1000,1000,1000,529,1000,1000,1000,500,500,1000,1000,1000,500,1000,1000,500,500,500,500,500,13,1000,1000,1000,500,1000,1506
"3747",500,1000,1553,1000,1000,1055,500,500,507,1134,1000,1000,29,500,500,1009,1651,1000,1000,1159,1611,1000,1648,500,1000,1544,500,1000,1000,1661,1107,1047,500,1144,1000,1617,500,1602,10,1132,512,1150,500,1035,1000,500,1000,500,1156,1119,1000,500,500,1000,1586,1000,500,1406,1356,750,253,750,1309,1892,1904,1312,750,1864,1356,1265,750,1772,750,750,750,750,1380,1279,1305,750,1250,1250,1378,255,1349,1868,1309,1265,1250,1250,1250,1766,1839,1896,1377,750,750,1836,1291,1415
"3814",1250,750,1262,750,750,1764,1250,1250,750,1843,750,750,1250,1250,1250,1250,1360,750,750,1868,1320,750,1357,1250,750,1253,1250,750,750,1370,1816,1756,1250,1853,750,1326,1250,1311,1250,1841,750,1859,1250,756,750,1250,750,1250,1865,1828,750,1250,1250,750,1295,750,1250,1615,1565,1000,1000,1000,1518,1101,1113,1521,1000,1073,1565,526,1000,19,1000,1000,1000,1000,1589,512,1514,1000,500,500,1587,1000,1558,1077,1518,526,500,500,500,25,1048,1105,1586,1000,1000,1045,500,1624
"3881",500,1000,1000,1000,1000,500,500,500,1000,24,1000,1000,500,500,500,500,507,1000,1000,1001,1000,1000,510,500,1000,1000,500,1000,1000,1503,500,500,500,14,1000,1000,500,1000,500,26,1000,8,500,500,1000,500,1000,500,2,500,1000,500,500,1000,1000,1000,500,252,750,750,750,750,750,766,754,750,750,1250,750,750,750,1250,750,750,750,750,278,750,750,750,1250,1250,280,750,750,1250,750,750,1250,1250,1250,1250,1250,762,750,750,750,1250,750,1257
"3948",500,1000,1000,1000,1000,500,500,500,1000,1010,1000,1000,500,500,500,500,1527,1000,1000,1035,513,1000,1524,500,1000,1000,500,1000,1000,1537,17,500,500,1020,1000,507,500,522,500,1008,1000,1026,500,500,1000,500,1000,500,1032,5,1000,500,500,1000,1000,1000,500,1282,268,750,750,750,750,1768,1780,750,750,760,268,750,750,1250,750,750,750,750,1256,750,750,750,1250,1250,1254,750,275,756,750,750,1250,1250,1250,1250,1250,1772,1253,750,750,1250,750,1291
"4015",1250,750,259,750,750,757,1250,1250,750,1822,750,750,1250,1250,1250,1250,1339,750,750,1847,1299,750,1336,1250,750,268,1250,750,750,1349,1795,765,1250,1832,750,1305,1250,1290,1250,1820,750,1838,1250,777,750,1250,750,1250,1844,1807,750,1250,1250,750,1274,750,1250,1594,1544,1000,1000,1000,503,1080,1092,500,1000,1052,1544,1000,1000,500,1000,1000,1000,1000,1568,1000,507,1000,500,500,1566,1000,1537,1056,503,1000,500,500,500,500,1027,1084,1565,1000,1000,1024,521,1603
"4082",1000,500,1053,500,500,1555,1000,1000,7,1634,500,500,529,1000,1000,1509,1151,500,500,1659,1111,500,1148,1000,500,1044,1000,500,500,1161,1607,1547,1000,1644,500,1117,1000,1102,510,1632,12,1650,1000,1535,500,1000,500,1000,1656,1619,500,1000,1000,500,1086,500,1000,1906,1856,1250,753,1250,1809,1392,1404,1812,1250,1364,1856,1765,1250,1272,1250,1250,1250,1250,1880,1779,1805,1250,750,750,1878,755,1849,1368,1809,1765,750,750,750,1266,1339,1396,1877,1250,1250,1336,1791,1915
"4149",1250,750,750,750,750,1250,1250,1250,750,762,750,750,1250,1250,1250,1250,1255,750,750,1763,750,750,1252,1250,750,750,1250,750,750,1265,1250,1250,1250,752,750,279,1250,750,1250,764,750,1754,1250,1250,750,1250,750,1250,1760,777,750,1250,1250,750,750,750,1250,1510,1000,1000,1000,1000,1000,4,1008,1000,1000,500,1000,1000,1000,500,1000,1000,1000,1000,516,1000,1000,1000,500,500,518,1000,1000,28,1000,1000,500,500,500,500,500,0,519,1000,1000,500,1000,1519
"4216",1250,750,263,750,750,761,1250,1250,750,1818,750,750,1250,1250,1250,1250,1335,750,750,1843,1295,750,1332,1250,750,272,1250,750,750,1345,1791,769,1250,1828,750,1301,1250,1286,1250,1816,750,1834,1250,1250,750,1250,750,1250,1840,1803,750,1250,1250,750,1270,750,1250,1590,1540,1000,1000,1000,507,1076,1088,504,1000,1048,1540,1000,1000,500,1000,1000,1000,1000,1564,1000,511,1000,500,500,1562,1000,1533,1052,507,1000,500,500,500,500,1023,1080,1561,1000,1000,1020,525,1599
"4283",750,1250,1250,1250,1250,750,750,750,1250,750,1250,1250,750,750,750,750,776,1250,1250,268,1250,1250,779,750,1250,1250,750,1250,1250,766,750,750,750,750,1250,1250,750,1250,750,750,1250,277,750,750,1250,750,1250,750,271,750,1250,750,750,1250,1250,1250,750,21,500,500,500,500,500,1000,523,500,500,1000,500,500,500,1000,500,500,500,500,500,500,500,500,1000,1000,500,500,500,1000,500,500,1000,1000,1000,1000,1000,1000,500,500,500,1000,500,12
"4350",500,1000,1000,1000,1000,500,500,500,1000,18,1000,1000,500,500,500,500,501,1000,1000,1007,1000,1000,504,500,1000,1000,500,1000,1000,1509,500,500,500,8,1000,1000,500,1000,500,20,1000,2,500,500,1000,500,1000,500,1004,500,1000,500,500,1000,1000,1000,500,1254,750,750,750,750,750,760,1752,750,750,1250,750,750,750,1250,750,750,750,750,272,750,750,750,1250,1250,274,750,750,1250,750,750,1250,1250,1250,1250,1250,756,275,750,750,1250,750,1263
"4417",1000,500,500,500,500,1000,1000,1000,500,528,500,500,1000,1000,1000,1000,11,500,500,503,500,500,14,1000,500,500,1000,500,500,1,1000,1000,1000,518,500,500,1000,500,1000,530,500,512,1000,1000,500,1000,500,1000,506,1000,500,1000,1000,500,500,500,1000,756,1250,1250,1250,1250,1250,270,258,1250,1250,750,1250,1250,1250,750,1250,1250,1250,1250,1250,1250,1250,1250,750,750,1250,1250,1250,750,1250,1250,750,750,750,750,750,266,1250,1250,1250,750,1250,1753
"4484",500,1000,1000,1000,1000,500,500,500,1000,1034,1000,1000,500,500,500,500,1551,1000,1000,1059,1511,1000,1548,500,1000,1000,500,1000,1000,1561,1007,500,500,1044,1000,1517,500,1502,500,1032,1000,1050,500,500,1000,500,1000,500,1056,1019,1000,500,500,1000,514,1000,500,1306,1256,750,750,750,750,1792,1804,750,750,1764,1256,750,750,1250,750,750,750,750,1280,750,750,750,1250,1250,1278,750,251,1768,750,750,1250,1250,1250,1250,761,1796,1277,750,750,764,750,1315
"4551",1000,500,500,500,500,1000,1000,1000,500,511,500,500,1000,1000,1000,1000,1006,500,500,1514,500,500,1003,1000,500,500,1000,500,500,1016,1000,1000,1000,501,500,28,1000,500,1000,513,500,1505,1000,1000,500,1000,500,1000,1511,526,500,1000,1000,500,500,500,1000,1761,1250,1250,1250,1250,1250,253,1259,1250,1250,750,1250,1250,1250,750,1250,1250,1250,1250,765,1250,1250,1250,750,750,767,1250,1250,277,1250,1250,750,750,750,750,750,1251,768,1250,1250,750,1250,1770
"4618",1000,500,1014,500,500,1516,1000,1000,500,1595,500,500,1000,1000,1000,530,1112,500,500,1620,1072,500,1109,1000,500,1005,1000,500,500,1122,1568,1508,1000,1605,500,1078,1000,1063,1000,1593,500,1611,1000,504,500,1000,500,1000,1617,1580,500,1000,1000,500,1047,500,1000,1867,1817,1250,1250,1250,1770,1353,1365,1773,1250,1325,1817,774,1250,267,1250,1250,1250,1250,1841,760,1766,1250,750,750,1839,1250,1810,1329,1770,774,750,750,750,273,1300,1357,1838,1250,1250,1297,1752,1876
"4685",500,1000,1000,1000,1000,500,500,500,1000,500,1000,1000,500,500,500,500,515,1000,1000,7,1000,1000,518,500,1000,1000,500,1000,1000,505,500,500,500,22,1000,1000,500,1000,500,500,1000,16,500,500,1000,500,1000,500,10,500,1000,500,500,1000,1000,1000,500,260,750,750,750,750,750,774,762,750,750,1250,750,750,750,1250,750,750,750,750,750,750,750,750,1250,1250,750,750,750,1250,750,750,1250,1250,1250,1250,1250,770,750,750,750,1250,750,251
"4752",500,1000,1000,1000,1000,500,500,500,1000,1048,1000,1000,500,500,500,500,1565,1000,1000,1073,1525,1000,1562,500,1000,1000,500,1000,1000,1575,1021,500,500,1058,1000,1531,500,1516,500,1046,1000,1064,500,500,1000,500,1000,500,1070,1033,1000,500,500,1000,500,1000,500,1320,1270,750,750,750,277,1806,1818,274,750,1778,1270,750,750,1250,750,750,750,750,1294,750,750,750,1250,1250,1292,750,1263,1782,277,750,1250,1250,1250,1250,1753,1810,1291,750,750,750,750,1329
"4819",750,1250,1250,1250,1250,750,750,750,1250,252,1250,1250,750,750,750,750,1765,1250,1250,1273,775,1250,1762,750,1250,1250,750,1250,1250,1775,279,750,750,1258,1250,769,750,1250,750,254,1250,1264,750,750,1250,750,1250,750,1270,267,1250,750,750,1250,1250,1250,750,1020,30,500,500,500,500,1506,1518,500,500,522,30,500,500,1000,500,500,500,500,6,500,500,500,1000,1000,8,500,500,518,500,500,1000,1000,1000,1000,1000,1510,9,500,500,1000,500,1029
"4886",1000,500,500,500,500,1000,1000,1000,500,1000,500,500,1000,1000,1000,1000,26,500,500,518,500,500,29,1000,500,500,1000,500,500,16,1000,1000,1000,1000,500,500,1000,500,1000,1000,500,527,1000,1000,500,1000,500,1000,521,1000,500,1000,1000,500,500,500,1000,771,1250,1250,1250,1250,1250,750,273,1250,1250,750,1250,1250,1250,750,1250,1250,1250,1250,1250,1250,1250,1250,750,750,1250,1250,1250,750,1250,1250,750,750,750,750,750,750,1250,1250,1250,750,1250,762
"4953",750,1250,1250,1250,1250,750,750,750,1250,1292,1250,1250,750,750,750,750,1809,1250,1250,1317,1769,1250,1806,750,1250,1250,750,1250,1250,1819,1265,750,750,1302,1250,1775,750,1760,750,1290,1250,1308,750,750,1250,750,1250,750,1314,1277,1250,750,750,1250,756,1250,750,1064,1014,500,500,500,500,1550,1562,30,500,1522,1014,500,500,1000,500,500,500,500,1038,500,500,500,1000,1000,1036,500,1007,1526,500,500,1000,1000,1000,1000,503,1554,1035,500,500,506,500,1073
"5020",1250,750,1252,750,750,1754,1250,1250,750,1833,750,750,1250,1250,1250,1250,1350,750,750,1858,1310,750,1347,1250,750,257,1250,750,750,1360,1806,754,1250,1843,750,1316,1250,1301,1250,1831,750,1849,1250,766,750,1250,750,1250,1855,1818,750,1250,1250,750,1285,750,1250,1605,1555,1000,1000,1000,1508,1091,1103,1511,1000,1063,1555,1000,1000,29,1000,1000,1000,1000,1579,522,1504,1000,500,500,1577,1000,1548,1067,1508,1000,500,500,500,500,1038,1095,1576,1000,1000,1035,510,1614
"5087",500,1000,521,1000,1000,19,500,500,1000,1060,1000,1000,500,500,500,500,1577,1000,1000,1085,1537,1000,1574,500,1000,530,500,1000,1000,1587,1033,27,500,1070,1000,1543,500,1528,500,1058,1000,1076,500,500,1000,500,1000,500,1082,1045,1000,500,500,1000,1512,1000,500,1332,1282,750,750,750,265,1818,1830,262,750,1790,1282,750,750,1250,750,750,750,750,1306,750,269,750,1250,1250,1304,750,1275,1794,265,750,1250,1250,1250,1250,1765,1822,1303,750,750,1762,750,1341
"5154",1000,500,500,500,500,1000,1000,1000,500,1000,500,500,1000,1000,1000,1000,26,500,500,518,500,500,29,1000,500,500,1000,500,500,16,1000,1000,1000,1000,500,500,1000,500,1000,1000,500,527,1000,1000,500,1000,500,1000,521,1000,500,1000,1000,500,500,500,1000,771,1250,1250,1250,1250,1250,750,273,1250,1250,750,1250,1250,1250,750,1250,1250,1250,1250,1250,1250,1250,1250,750,750,1250,1250,1250,750,1250,1250,750,750,750,750,750,750,1250,1250,1250,750,1250,762
"5221",1000,500,500,500,500,1000,1000,1000,500,1000,500,500,1000,1000,1000,1000,17,500,500,509,500,500,20,1000,500,500,1000,500,500,7,1000,1000,1000,524,500,500,1000,500,1000,1000,500,518,1000,1000,500,1000,500,1000,512,1000,500,1000,1000,500,500,500,1000,762,1250,1250,1250,1250,1250,276,264,1250,1250,750,1250,1250,1250,750,1250,1250,1250,1250,1250,1250,1250,1250,750,750,1250,1250,1250,750,1250,1250,750,750,750,750,750,272,1250,1250,1250,750,1250,753
"5288",1250,750,750,750,750,1250,1250,1250,750,1787,750,750,1250,1250,1250,1250,1304,750,750,1812,1264,750,1301,1250,750,750,1250,750,750,1314,1760,1250,1250,1797,750,1270,1250,1255,1250,1785,750,1803,1250,1250,750,1250,750,1250,1809,1772,750,1250,1250,750,261,750,1250,1559,1509,1000,1000,1000,1000,1045,1057,1000,1000,1017,1509,1000,1000,500,1000,1000,1000,1000,1533,1000,1000,1000,500,500,1531,1000,1502,1021,1000,1000,500,500,500,500,8,1049,1530,1000,1000,11,1000,1568
"5355",500,1000,1000,1000,1000,500,500,500,1000,1019,1000,1000,500,500,500,500,1536,1000,1000,1044,504,1000,1533,500,1000,1000,500,1000,1000,1546,8,500,500,1029,1000,1502,500,513,500,1017,1000,1035,500,500,1000,500,1000,500,1041,1004,1000,500,500,1000,529,1000,500,1291,259,750,750,750,750,1777,1789,750,750,751,259,750,750,1250,750,750,750,750,1265,750,750,750,1250,1250,1263,750,266,1753,750,750,1250,1250,1250,1250,776,1781,1262,750,750,779,750,1300
"5422",500,1000,1000,1000,1000,500,500,500,1000,500,1000,1000,500,500,500,500,526,1000,1000,18,1000,1000,529,500,1000,1000,500,1000,1000,516,500,500,500,500,1000,1000,500,1000,500,500,1000,27,500,500,1000,500,1000,500,21,500,1000,500,500,1000,1000,1000,500,271,750,750,750,750,750,1250,773,750,750,1250,750,750,750,1250,750,750,750,750,750,750,750,750,1250,1250,750,750,750,1250,750,750,1250,1250,1250,1250,1250,1250,750,750,750,1250,750,262
"5489",1250,750,264,750,750,762,1250,1250,750,1817,750,750,1250,1250,1250,1250,1334,750,750,1842,1294,750,1331,1250,750,273,1250,750,750,1344,1790,770,1250,1827,750,1300,1250,1285,1250,1815,750,1833,1250,1250,750,1250,750,1250,1839,1802,750,1250,1250,750,1269,750,1250,1589,1539,1000,1000,1000,508,1075,1087,505,1000,1047,1539,1000,1000,500,1000,1000,1000,1000,1563,1000,512,1000,500,500,1561,1000,1532,1051,508,1000,500,500,500,500,1022,1079,1560,1000,1000,1019,526,1598
"5556",500,1000,1524,1000,1000,1026,500,500,1000,1105,1000,1000,500,500,500,20,1622,1000,1000,1130,1582,1000,1619,500,1000,1515,500,1000,1000,1632,1078,1018,500,1115,1000,1588,500,1573,500,1103,1000,1121,500,1006,1000,500,1000,500,1127,1090,1000,500,500,1000,1557,1000,500,1377,1327,750,750,750,1280,1863,1875,1283,750,1835,1327,264,750,757,750,750,750,750,1351,250,1276,750,1250,1250,1349,750,1320,1839,1280,264,1250,1250,1250,763,1810,1867,1348,750,750,1807,1262,1386
"5623",500,1000,1000,1000,1000,500,500,500,1000,22,1000,1000,500,500,500,500,505,1000,1000,1003,1000,1000,508,500,1000,1000,500,1000,1000,1505,500,500,500,12,1000,1000,500,1000,500,24,1000,6,500,500,1000,500,1000,500,0,500,1000,500,500,1000,1000,1000,500,250,750,750,750,750,750,764,752,750,750,1250,750,750,750,1250,750,750,750,750,276,750,750,750,1250,1250,278,750,750,1250,750,750,1250,1250,1250,1250,1250,760,279,750,750,1250,750,1259
"5690",1000,500,500,500,500,1000,1000,1000,500,514,500,500,1000,1000,1000,1000,1003,500,500,1511,500,500,0,1000,500,500,1000,500,500,1013,1000,1000,1000,504,500,500,1000,500,1000,516,500,1502,1000,1000,500,1000,500,1000,1508,529,500,1000,1000,500,500,500,1000,1758,1250,1250,1250,1250,1250,256,1256,1250,1250,750,1250,1250,1250,750,1250,1250,1250,1250,768,1250,1250,1250,750,750,770,1250,1250,280,1250,1250,750,750,750,750,750,252,771,1250,1250,750,1250,1767
"5757",750,1250,1756,1250,1250,1258,750,750,1250,1337,1250,1250,750,750,750,750,1854,1250,1250,1362,1814,1250,1851,750,1250,753,750,1250,1250,1864,1310,250,750,1347,1250,1820,750,1805,750,1335,1250,1353,750,262,1250,750,1250,750,1359,1322,1250,750,750,1250,1789,1250,750,1109,1059,500,500,500,1012,1595,1607,1015,500,1567,1059,500,500,525,500,500,500,500,1083,18,1008,500,1000,1000,1081,500,1052,1571,1012,500,1000,1000,1000,1000,1542,1599,1080,500,500,1539,6,1118
"5824",750,1250,1250,1250,1250,750,750,750,1250,1262,1250,1250,750,750,750,750,1779,1250,1250,1287,761,1250,1776,750,1250,1250,750,1250,1250,1789,265,750,750,1272,1250,755,750,770,750,1260,1250,1278,750,750,1250,750,1250,750,1284,253,1250,750,750,1250,1250,1250,750,1034,16,500,500,500,500,1520,1532,500,500,508,16,500,500,1000,500,500,500,500,1008,500,500,500,1000,1000,1006,500,23,504,500,500,1000,1000,1000,1000,1000,1524,1005,500,500,1000,500,1043
"5891",500,1000,1515,1000,1000,1017,500,500,1000,1096,1000,1000,500,500,500,29,1613,1000,1000,1121,1573,1000,1610,500,1000,1506,500,1000,1000,1623,1069,1009,500,1106,1000,1579,500,1564,500,1094,1000,1112,500,3,1000,500,1000,500,1118,1081,1000,500,500,1000,1548,1000,500,1368,1318,750,750,750,1271,1854,1866,1274,750,1826,1318,273,750,766,750,750,750,750,1342,259,1267,750,1250,1250,1340,750,1311,1830,1271,273,1250,1250,1250,772,1801,1858,1339,750,750,1798,1253,1377
"5958",1000,500,500,500,500,1000,1000,1000,500,1548,500,500,1000,1000,1000,1000,1065,500,500,1573,1025,500,1062,1000,500,500,1000,500,500,1075,1521,1000,1000,1558,500,1031,1000,1016,1000,1546,500,1564,1000,1000,500,1000,500,1000,1570,1533,500,1000,1000,500,0,500,1000,1820,1770,1250,1250,1250,777,1306,1318,774,1250,1278,1770,1250,1250,750,1250,1250,1250,1250,1794,1250,1250,1250,750,750,1792,1250,1763,1282,777,1250,750,750,750,750,1253,1310,1791,1250,1250,250,1250,1829
"6025",500,1000,1000,1000,1000,500,500,500,1000,4,1000,1000,500,500,500,500,1513,1000,1000,1021,527,1000,1510,500,1000,1000,500,1000,1000,1523,500,500,500,1006,1000,521,500,1000,500,6,1000,1012,500,500,1000,500,1000,500,1018,19,1000,500,500,1000,1000,1000,500,1268,750,750,750,750,750,1754,1766,750,750,774,750,750,750,1250,750,750,750,750,258,750,750,750,1250,1250,260,750,750,770,750,750,1250,1250,1250,1250,1250,1758,261,750,750,1250,750,1277
"6092",500,1000,1504,1000,1000,1006,500,500,1000,1085,1000,1000,500,500,500,500,1602,1000,1000,1110,1562,1000,1599,500,1000,505,500,1000,1000,1612,1058,2,500,1095,1000,1568,500,1553,500,1083,1000,1101,500,14,1000,500,1000,500,1107,1070,1000,500,500,1000,1537,1000,500,1357,1307,750,750,750,1260,1843,1855,1263,750,1815,1307,750,750,777,750,750,750,750,1331,270,1256,750,1250,1250,1329,750,1300,1819,1260,750,1250,1250,1250,1250,1790,1847,1328,750,750,1787,258,1366
"6159",500,1000,1505,1000,1000,1007,500,500,1000,1086,1000,1000,500,500,500,500,1603,1000,1000,1111,1563,1000,1600,500,1000,504,500,1000,1000,1613,1059,1,500,1096,1000,1569,500,1554,500,1084,1000,1102,500,13,1000,500,1000,500,1108,1071,1000,500,500,1000,1538,1000,500,1358,1308,750,750,750,1261,1844,1856,1264,750,1816,1308,750,750,776,750,750,750,750,1332,269,1257,750,1250,1250,1330,750,1301,1820,1261,750,1250,1250,1250,1250,1791,1848,1329,750,750,1788,257,1367
"6226",500,1000,1000,1000,1000,29,500,500,1000,1050,1000,1000,500,500,500,500,1567,1000,1000,1075,1527,1000,1564,500,1000,1000,500,1000,1000,1577,1023,500,500,1060,1000,1533,500,1518,500,1048,1000,1066,500,500,1000,500,1000,500,1072,1035,1000,500,500,1000,1502,1000,500,1322,1272,750,750,750,275,1808,1820,272,750,1780,1272,750,750,1250,750,750,750,750,1296,750,279,750,1250,1250,1294,750,1265,1784,275,750,1250,1250,1250,1250,1755,1812,1293,750,750,1752,750,1331
"6293",1000,500,500,500,500,1000,1000,1000,500,1529,500,500,1000,1000,1000,1000,1046,500,500,1554,1006,500,1043,1000,500,500,1000,500,500,1056,1502,1000,1000,1539,500,1012,1000,3,1000,1527,500,1545,1000,1000,500,1000,500,1000,1551,1514,500,1000,1000,500,19,500,1000,1801,1751,1250,1250,1250,1250,1287,1299,1250,1250,1259,1751,1250,1250,750,1250,1250,1250,1250,1775,1250,1250,1250,750,750,1773,1250,756,1263,1250,1250,750,750,750,750,266,1291,1772,1250,1250,269,1250,1810
"6360",750,1250,1250,1250,1250,750,750,750,1250,1285,1250,1250,750,750,750,750,1802,1250,1250,1310,1762,1250,1799,750,1250,1250,750,1250,1250,1812,1258,750,750,1295,1250,1768,750,1753,750,1283,1250,1301,750,750,1250,750,1250,750,1307,1270,1250,750,750,1250,763,1250,750,1057,1007,500,500,500,500,1543,1555,500,500,1515,1007,500,500,1000,500,500,500,500,1031,500,500,500,1000,1000,1029,500,0,1519,500,500,1000,1000,1000,1000,510,1547,1028,500,500,513,500,1066
"6427",1000,500,500,500,500,1000,1000,1000,500,1000,500,500,1000,1000,1000,1000,25,500,500,517,500,500,28,1000,500,500,1000,500,500,15,1000,1000,1000,1000,500,500,1000,500,1000,1000,500,526,1000,1000,500,1000,500,1000,520,1000,500,1000,1000,500,500,500,1000,770,1250,1250,1250,1250,1250,750,272,1250,1250,750,1250,1250,1250,750,1250,1250,1250,1250,1250,1250,1250,1250,750,750,1250,1250,1250,750,1250,1250,750,750,750,750,750,280,1250,1250,1250,750,1250,761
"6494",1250,750,750,750,750,1250,1250,1250,750,1789,750,750,1250,1250,1250,1250,1306,750,750,1814,1266,750,1303,1250,750,750,1250,750,750,1316,1762,1250,1250,1799,750,1272,1250,1257,1250,1787,750,1805,1250,1250,750,1250,750,1250,1811,1774,750,1250,1250,750,259,750,1250,1561,1511,1000,1000,1000,1000,1047,1059,1000,1000,1019,1511,1000,1000,500,1000,1000,1000,1000,1535,1000,1000,1000,500,500,1533,1000,1504,1023,1000,1000,500,500,500,500,6,1051,1532,1000,1000,9,1000,1570
"6561",1000,500,1036,500,500,1538,1000,1000,24,1617,500,500,1000,1000,1000,508,1134,500,500,1642,1094,500,1131,1000,500,1027,1000,500,500,1144,1590,1530,1000,1627,500,1100,1000,1085,527,1615,29,1633,1000,1518,500,1000,500,1000,1639,1602,500,1000,1000,500,1069,500,1000,1889,1839,1250,770,1250,1792,1375,1387,1795,1250,1347,1839,752,1250,1255,1250,1250,1250,1250,1863,1762,1788,1250,750,750,1861,772,1832,1351,1792,752,750,750,750,251,1322,1379,1860,1250,1250,1319,1774,1898
"6628",1250,750,750,750,750,1250,1250,1250,750,780,750,750,1250,1250,1250,1250,263,750,750,755,750,750,266,1250,750,750,1250,750,750,253,1250,1250,1250,770,750,750,1250,750,1250,1250,750,764,1250,1250,750,1250,750,1250,758,1250,750,1250,1250,750,750,750,1250,508,1000,1000,1000,1000,1000,22,10,1000,1000,500,1000,1000,1000,500,1000,1000,1000,1000,1000,1000,1000,1000,500,500,1000,1000,1000,500,1000,1000,500,500,500,500,500,18,1000,1000,1000,500,1000,1501
"6695",750,1250,1799,1250,1250,1301,750,750,761,1380,1250,1250,750,750,750,1255,1897,1250,1250,1405,1857,1250,1894,750,1250,1790,750,1250,1250,1907,1353,1293,750,1390,1250,1863,750,1848,264,1378,766,1396,750,1281,1250,750,1250,750,1402,1365,1250,750,750,1250,1832,1250,750,1152,1102,500,7,500,1055,1638,1650,1058,500,1610,1102,1011,500,1518,500,500,500,500,1126,1025,1051,500,1000,1000,1124,9,1095,1614,1055,1011,1000,1000,1000,1512,1585,1642,1123,500,500,1582,1037,1161
"6762",1000,500,500,500,500,1000,1000,1000,500,1503,500,500,1000,1000,1000,1000,1020,500,500,1528,20,500,1017,1000,500,500,1000,500,500,1030,524,1000,1000,1513,500,14,1000,29,1000,1501,500,1519,1000,1000,500,1000,500,1000,1525,512,500,1000,1000,500,500,500,1000,1775,775,1250,1250,1250,1250,1261,1273,1250,1250,267,775,1250,1250,750,1250,1250,1250,1250,751,1250,1250,1250,750,750,753,1250,1250,263,1250,1250,750,750,750,750,750,1265,754,1250,1250,750,1250,1784
"6829",1250,750,750,750,750,1250,1250,1250,750,1753,750,750,1250,1250,1250,1250,1270,750,750,1778,270,750,1267,1250,750,750,1250,750,750,1280,774,1250,1250,1763,750,264,1250,279,1250,1751,750,1769,1250,1250,750,1250,750,1250,1775,762,750,1250,1250,750,750,750,1250,1525,525,1000,1000,1000,1000,1011,1023,1000,1000,17,525,1000,1000,500,1000,1000,1000,1000,501,1000,1000,1000,500,500,503,1000,1000,13,1000,1000,500,500,500,500,500,1015,504,1000,1000,500,1000,1534
"6896",1000,500,500,500,500,1000,1000,1000,500,1000,500,500,1000,1000,1000,1000,26,500,500,518,500,500,29,1000,500,500,1000,500,500,16,1000,1000,1000,1000,500,500,1000,500,1000,1000,500,527,1000,1000,500,1000,500,1000,521,1000,500,1000,1000,500,500,500,1000,771,1250,1250,1250,1250,1250,750,273,1250,1250,750,1250,1250,1250,750,1250,1250,1250,1250,1250,1250,1250,1250,750,750,1250,1250,1250,750,1250,1250,750,750,750,750,750,750,1250,1250,1250,750,1250,762
"6963",1250,750,1267,750,750,1769,1250,1250,750,1848,750,750,1250,1250,1250,777,1365,750,750,1873,1325,750,1362,1250,750,1258,1250,750,750,1375,1821,1761,1250,1858,750,1331,1250,1316,1250,1846,750,1864,1250,751,750,1250,750,1250,1870,1833,750,1250,1250,750,1300,750,1250,1620,1570,1000,1000,1000,1523,1106,1118,1526,1000,1078,1570,521,1000,14,1000,1000,1000,1000,1594,507,1519,1000,500,500,1592,1000,1563,1082,1523,521,500,500,500,20,1053,1110,1591,1000,1000,1050,1505,1629
"7030",750,1250,1250,1250,1250,750,750,750,1250,265,1250,1250,750,750,750,750,1752,1250,1250,1260,1250,1250,751,750,1250,1250,750,1250,1250,1762,750,750,750,255,1250,1250,750,1250,750,267,1250,1251,750,750,1250,750,1250,750,1257,280,1250,750,750,1250,1250,1250,750,1007,500,500,500,500,500,507,1505,500,500,1000,500,500,500,1000,500,500,500,500,19,500,500,500,1000,1000,21,500,500,1000,500,500,1000,1000,1000,1000,1000,503,22,500,500,1000,500,1016
"7097",1000,500,1030,500,500,1532,1000,1000,30,1611,500,500,1000,1000,1000,514,1128,500,500,1636,1088,500,1125,1000,500,1021,1000,500,500,1138,1584,1524,1000,1621,500,1094,1000,1079,1000,1609,500,1627,1000,1512,500,1000,500,1000,1633,1596,500,1000,1000,500,1063,500,1000,1883,1833,1250,776,1250,1786,1369,1381,1789,1250,1341,1833,758,1250,251,1250,1250,1250,1250,1857,1756,1782,1250,750,750,1855,778,1826,1345,1786,758,750,750,750,257,1316,1373,1854,1250,1250,1313,1768,1892
"7164",750,1250,1250,1250,1250,279,750,750,1250,1300,1250,1250,750,750,750,750,1817,1250,1250,1325,1777,1250,1814,750,1250,1250,750,1250,1250,1827,1273,750,750,1310,1250,1783,750,1768,750,1298,1250,1316,750,750,1250,750,1250,750,1322,1285,1250,750,750,1250,1752,1250,750,1072,1022,500,500,500,25,1558,1570,22,500,1530,1022,500,500,1000,500,500,500,500,1046,500,29,500,1000,1000,1044,500,1015,1534,25,500,1000,1000,1000,1000,1505,1562,1043,500,500,1502,500,1081
"7231",1250,750,750,750,750,1250,1250,1250,750,1767,750,750,1250,1250,1250,1250,1284,750,750,1792,256,750,1281,1250,750,750,1250,750,750,1294,760,1250,1250,1777,750,250,1250,265,1250,1765,750,1783,1250,1250,750,1250,750,1250,1789,1752,750,1250,1250,750,750,750,1250,1539,511,1000,1000,1000,1000,1025,1037,1000,1000,3,511,1000,1000,500,1000,1000,1000,1000,1513,1000,1000,1000,500,500,1511,1000,518,1001,1000,1000,500,500,500,500,28,1029,1510,1000,1000,500,1000,1548
"7298",1250,750,750,750,750,1250,1250,1250,750,750,750,750,1250,1250,1250,1250,1267,750,750,1775,273,750,1264,1250,750,750,1250,750,750,1277,777,1250,1250,1760,750,267,1250,750,1250,752,750,1766,1250,1250,750,1250,750,1250,1772,765,750,1250,1250,750,750,750,1250,1522,528,1000,1000,1000,1000,1008,1020,1000,1000,20,528,1000,1000,500,1000,1000,1000,1000,504,1000,1000,1000,500,500,506,1000,1000,16,1000,1000,500,500,500,500,500,1012,507,1000,1000,500,1000,1531
"7365",1000,500,500,500,500,1000,1000,1000,500,1524,500,500,1000,1000,1000,1000,1041,500,500,1549,1001,500,1038,1000,500,500,1000,500,500,1051,503,1000,1000,1534,500,1007,1000,8,1000,1522,500,1540,1000,1000,500,1000,500,1000,1546,1509,500,1000,1000,500,24,500,1000,1796,754,1250,1250,1250,1250,1282,1294,1250,1250,1254,754,1250,1250,750,1250,1250,1250,1250,1770,1250,1250,1250,750,750,1768,1250,761,1258,1250,1250,750,750,750,750,271,1286,1767,1250,1250,274,1250,1805
"7432",500,1000,1000,1000,1000,500,500,500,1000,1040,1000,1000,500,500,500,500,1557,1000,1000,1065,1517,1000,1554,500,1000,1000,500,1000,1000,1567,1013,500,500,1050,1000,1523,500,1508,500,1038,1000,1056,500,500,1000,500,1000,500,1062,1025,1000,500,500,1000,508,1000,500,1312,1262,750,750,750,750,1798,1810,750,750,1770,1262,750,750,1250,750,750,750,750,1286,750,750,750,1250,1250,1284,750,1255,1774,750,750,1250,1250,1250,1250,755,1802,1283,750,750,758,750,1321
"7499",500,1000,1000,1000,1000,500,500,500,1000,9,1000,1000,500,500,500,500,1508,1000,1000,1016,1000,1000,1505,500,1000,1000,500,1000,1000,1518,500,500,500,1001,1000,526,500,1000,500,11,1000,1007,500,500,1000,500,1000,500,1013,24,1000,500,500,1000,1000,1000,500,1263,750,750,750,750,750,751,1761,750,750,779,750,750,750,1250,750,750,750,750,263,750,750,750,1250,1250,265,750,750,775,750,750,1250,1250,1250,1250,1250,1753,266,750,750,1250,750,1272
"7566",750,1250,1794,1250,1250,1296,750,750,766,1375,1250,1250,750,750,750,250,1892,1250,1250,1400,1852,1250,1889,750,1250,1785,750,1250,1250,1902,1348,1288,750,1385,1250,1858,750,1843,269,1373,771,1391,750,1276,1250,750,1250,750,1397,1360,1250,750,750,1250,1827,1250,750,1147,1097,500,12,500,1050,1633,1645,1053,500,1605,1097,1006,500,1513,500,500,500,500,1121,1020,1046,500,1000,1000,1119,14,1090,1609,1050,1006,1000,1000,1000,1507,1580,1637,1118,500,500,1577,1032,1156
"7633",1000,500,500,500,500,1000,1000,1000,500,1519,500,500,1000,1000,1000,1000,1036,500,500,1544,4,500,1033,1000,500,500,1000,500,500,1046,508,1000,1000,1529,500,1002,1000,13,1000,1517,500,1535,1000,1000,500,1000,500,1000,1541,1504,500,1000,1000,500,29,500,1000,1791,759,1250,1250,1250,1250,1277,1289,1250,1250,251,759,1250,1250,750,1250,1250,1250,1250,1765,1250,1250,1250,750,750,1763,1250,766,1253,1250,1250,750,750,750,750,276,1281,1762,1250,1250,279,1250,1800
"7700",1250,750,750,750,750,1250,1250,1250,750,1250,750,750,1250,1250,1250,1250,275,750,750,767,750,750,278,1250,750,750,1250,750,750,265,1250,1250,1250,1250,750,750,1250,750,1250,1250,750,776,1250,1250,750,1250,750,1250,770,1250,750,1250,1250,750,750,750,1250,520,1000,1000,1000,1000,1000,500,22,1000,1000,500,1000,1000,1000,500,1000,1000,1000,1000,1000,1000,1000,1000,500,500,1000,1000,1000,500,1000,1000,500,500,500,500,500,30,1000,1000,1000,500,1000,511
